Símbolo,Preço,Variação %,Volume,Volume Rel,Valor de mercado,P/L,"EPS dil
TTM","Crescimento EPS dil.
12M Ano a Ano","Div. yield %
TTM",Setor,Classificação dos Analistas
AALR3Allianca Saude e Participacoes SA - ALLIARD,Preço,Variação %,Volume,Volume Rel,Valor de mercado,P/L,"EPS dil
TTM","Crescimento EPS dil.
12M Ano a Ano","Div. yield %
TTM",Setor,Classificação dos Analistas
ABEV3Ambev SAD,"4,45 BRL","0,0183","2,4 K","0,04","665,41 M BRL",—,"−0,63 BRL","0,7185","0,00%",Serviços de Saúde,Neutro
AERI3Aeris Industria e Comercio de Equipamentos para Geracao deEnergia S.A.D,"14,20 BRL","0,00%","1,51 M","0,06","223,75 B BRL","13,92","1,02 BRL","0,1577","7,56%",Consumo de Não Duráveis,Neutro
AFLT3Afluente Transmissao De Energia Eletrica SAD,"3,210 BRL","−0,62%","1,6 K","0,04","200,65 M BRL",—,"−20,32 BRL","−720,51%","0,00%",Produtor Manufatureiro,Neutro
AGRO3BrasilAgro Cia Brasileira de Propriedades AgricolasD,"7,22 BRL","−4,75%",100,"0,29","455,47 M BRL","13,07","0,55 BRL","0,5427","0,00%",Serviços Públicos,Neutro
AGXY3Agrogalaxy Participacoes SAD,"20,29 BRL","−0,39%","13,6 K","0,09","2,02 B BRL",—,"−0,24 BRL","−108,23%","3,70%",Financeiro,Neutro
ALLD3Allied Tecnologia SAD,"4,110 BRL","−0,96%",300,"0,02","56,33 M BRL","0,03","162,08 BRL",—,"0,00%",Serviços de Distribuição,Neutro
ALOS3Allos S.A.D,"8,230 BRL","0,0012","85,5 K","0,15","781,33 M BRL","2,27","3,63 BRL","1,2204","47,85%",Serviços de Tecnologia,Neutro
ALPA3Alpargatas SAD,"28,88 BRL","−0,31%","333,4 K","0,07","14,59 B BRL","19,7","1,47 BRL","0,0368","3,08%",Financeiro,Viés de alta forte
ALPK3Allpark Empreendimentos Participacoes e Servicos S.A.D,"10,45 BRL","0,00%","1,2 K","0,12","7,88 B BRL","19,33","0,54 BRL",—,"4,71%",Consumo de Não Duráveis,Viés de alta
ALUP3Alupar Investimento SAD,"4,500 BRL","0,00%","3,4 K","0,04","986,88 M BRL","714,29","0,01 BRL",—,"0,00%",Consumo de Serviços,Neutro
AMAR3Marisa Lojas S.A.D,"11,88 BRL","0,0059",800,"0,09","10,8 B BRL","10,07","1,18 BRL","0,1682","2,68%",Serviços Públicos,Neutro
AMBP3Ambipar Participacoes e Empreendimentos SAD,"1,03 BRL","0,0198","14,4 K","0,08","516,82 M BRL","32,91","0,03 BRL",—,"0,00%",Comércio de Varejo,Neutro
AMER3Americanas SAD,"0,28 BRL","0,00%","357,9 K","0,02","467,72 M BRL",—,"−0,15 BRL","0,2017","0,00%",Serviços Comerciais,Neutro
AMOB3Automob Participacoes S.AD,"4,89 BRL","0,0103","303,7 K","0,15","969,19 M BRL",—,"−5,96 BRL","−103,82%","0,00%",Comércio de Varejo,Neutro
ANIM3Anima Holding SAD,"13,040 BRL","0,0109","1,5 K","0,04","488,73 M BRL",—,—,—,"0,00%",Comércio de Varejo,Viés de alta forte
ARML3Armac Locacao Logistica e Servicos SAD,"4,08 BRL","0,0074","297,1 K","0,03","1,61 B BRL","9,77","0,42 BRL",—,"1,32%",Miscelânea,Viés de alta forte
AARND3Arandu Investimentos S.AD,"4,320 BRL","0,0237","41,4 K","0,06","1,46 B BRL","27,6","0,16 BRL","−73,55%","5,05%",Financeiro,Viés de alta
ASAI3Sendas Distribuidora SAD,"1,050 BRL","−7,89%",400,"0,26","148,04 M BRL",—,—,—,"0,00%",Serviços Comerciais,Neutro
ATED3Atom Educacao e Editora S.A.D,"7,270 BRL","−1,09%","926,7 K","0,05","9,95 B BRL","10,72","0,68 BRL","0,4448","1,46%",Comércio de Varejo,Viés de alta
AAUAU3Uniao Pet Participacoes SAD,"2,100 BRL","0,0145","10,5 K","1,61","49,28 M BRL",—,—,—,—,Serviços de Tecnologia,Neutro
AURE3Auren Energia SAD,"3,400 BRL","−0,58%","125,5 K",—,"2,9 B BRL",425,"0,01 BRL","−32,77%","8,51%",Industrias de Processamento,Neutro
AVLL3Alphaville SAD,"11,580 BRL","0,0026","122,4 K","0,04","12,13 B BRL",—,"−1,31 BRL","−281,11%","0,49%",Serviços Públicos,Neutro
AXIA3AXIA Energia SAD,"0,880 BRL","0,0233","2,7 K","0,26","171,89 M BRL",—,"−0,65 BRL","0,8743","0,00%",Financeiro,Neutro
AZEV3Azevedo & Travassos SAD,"51,39 BRL","0,009","351,7 K","0,03","118,42 B BRL",—,"−2,73 BRL","−161,36%","8,92%",Serviços Públicos,Viés de alta forte
AZTE3Azevedo & Travassos Energia S.AD,"0,40 BRL","0,0256","106,9 K","0,03","168,65 M BRL",—,"−1,72 BRL","−101,81%","0,00%",Serviços Industriais,Neutro
AZZA3Azzas 2154 SAD,"0,400 BRL","−2,44%","336,5 K","0,18","139,03 M BRL",—,—,—,—,Serviços Industriais,Neutro
"B3SA3B3 SA - Brasil, Bolsa, BalcaoD","23,93 BRL","−0,95%","236,8 K","0,06","4,99 B BRL","6,59","3,63 BRL","−17,02%","10,25%",Consumo de Não Duráveis,Viés de alta forte
BALM3Baumer SAD,"14,86 BRL","0,0088","2,43 M","0,07","74,81 B BRL","16,15","0,92 BRL","0,1966","1,60%",Financeiro,Viés de alta
BAZA3Banco da Amazonia S.A.D,"28,00 BRL","0,00%",200,"0,65","225,98 M BRL","11,08","2,53 BRL","−6,29%","18,75%",Tecnologia em Saúde,Neutro
BBAS3Banco do Brasil S.A.D,"76,28 BRL","0,0014","8,2 K","1,68","4,28 B BRL","3,98","19,15 BRL","−17,70%","10,07%",Financeiro,Neutro
BBDC3Banco Bradesco SAD,"21,42 BRL","−0,37%","1,25 M","0,06","122,95 B BRL","9,53","2,25 BRL","−38,18%","3,22%",Financeiro,Neutro
BBSE3BB Seguridade Participacoes SAD,"15,92 BRL","0,0038",204 K,"0,05","181,56 B BRL","7,9","2,01 BRL","0,4691","1,11%",Financeiro,Neutro
BDLL3Bardella SA Industrias MecanicasD,"34,75 BRL","−0,20%","345,1 K","0,06","69,52 B BRL","7,5","4,64 BRL","0,068","12,21%",Financeiro,Neutro
BEEF3Minerva S.A.D,"7,70 BRL","−2,90%",100,"0,19","11,23 M BRL","0,82","9,42 BRL","0,0524","0,00%",Produtor Manufatureiro,Neutro
BEES3Banestes S.A. - Banco do Estado do Espirito SantoD,"5,44 BRL","0,013","1,14 M","0,09","5,27 B BRL",—,"−1,52 BRL","−89.276,47%","3,06%",Serviços de Distribuição,Viés de alta
BGIP3Banco do Estado de Sergipe SA - BaneseD,"8,16 BRL","−0,61%","1,2 K","0,09","2,85 B BRL","8,3","0,98 BRL","−9,96%","3,87%",Financeiro,Neutro
BHIA3Grupo Casas Bahia S.A.D,"41,59 BRL","0,00%",100,"0,36","833,81 M BRL","4,87","8,53 BRL","0,786","8,63%",Financeiro,Neutro
BIED3Bioma Educacao SAD,"2,770 BRL","0,0109","486,4 K","0,13","2,55 B BRL",—,"−17,27 BRL","−2,92%","0,00%",Comércio de Varejo,Viés de baixa
BIOM3Biomm SAD,"5,75 BRL","0,0748",400,"0,05","146,22 M BRL",—,"−2,08 BRL","−37.832,73%","0,00%",Consumo de Serviços,Neutro
BLAU3Blau Farmaceutica SAD,"7,10 BRL","0,0143","4,8 K","0,06","957,89 M BRL",—,"−0,48 BRL","0,2509","0,00%",Tecnologia em Saúde,Neutro
BMEB3BCO Mercantil do Brasil SAD,"9,070 BRL","−0,77%","107,2 K","0,14","2,13 B BRL","6,62","1,37 BRL","0,6923","8,62%",Tecnologia em Saúde,Viés de alta
BMKS3Bicicletas Monark S.A.D,"45,50 BRL","0,0057",500,"0,18","5,7 B BRL","7,89","5,77 BRL","−12,64%","3,44%",Financeiro,Neutro
BMOB3Bemobi Mobile Tech SAD,"381,00 BRL","−0,00%",100,"1,3","173,26 M BRL","2,9","131,35 BRL","3,1576","40,19%",Consumo Duráveis,Neutro
BNBR3Banco do Nordeste do Brasil S.A.D,"21,340 BRL","−0,14%","55,1 K","0,14","1,79 B BRL","12,32","1,73 BRL","0,2567","12,36%",Serviços de Tecnologia,Viés de alta
BPAC3Banco BTG Pactual SAD,"115,75 BRL","−0,39%",100,"0,12","11,47 B BRL",—,—,—,"5,19%",Financeiro,Neutro
BRAP3Bradespar S.A.D,"39,20 BRL","0,0182",600,"0,08","183,64 B BRL","12,66","3,10 BRL","0,2941","0,92%",Financeiro,Neutro
BRAV3Brava Energia SAD,"19,52 BRL","0,0031","25,6 K","0,36","8,36 B BRL","6,79","2,87 BRL","−37,37%","14,26%",Financeiro,Viés de alta
BRKM3Braskem S.A.D,"17,410 BRL","−3,01%","902,8 K","0,08","8,34 B BRL","8,6","2,02 BRL","0,2408","0,00%",Minerais Energéticos,Viés de alta
BRSR3Banco do Estado do Rio Grande do Sul SAD,"8,42 BRL","−2,09%","2,1 K","0,13","6,83 B BRL",—,"−6,58 BRL","0,2767","0,00%",Industrias de Processamento,Neutro
BRST3Brisanet Servicos de Telecomunicacoes S.A.D,"17,83 BRL","0,0022",400,"0,04","6,96 B BRL","5,74","3,11 BRL","0,5861","7,24%",Financeiro,Neutro
BSLI3BRB Banco de Brasilia SAD,"3,360 BRL","−0,88%","6,7 K","0,03","1,48 B BRL","20,38","0,16 BRL","−36,60%","2,42%",Comunicações,Viés de alta
CALI3Construtora Adolpho Lindenberg SAD,"6,86 BRL","0,0133",1 K,"0,68","3,37 B BRL",—,—,—,"6,02%",Financeiro,Neutro
CAMB3Cambuci SAD,"17,25 BRL","0,0748",100,"0,11","120,56 M BRL","4,05","4,25 BRL",—,"1,57%",Serviços Industriais,Neutro
CAML3Camil Alimentos SAD,"9,12 BRL","−0,87%","1,2 K","0,05","388,93 M BRL","5,78","1,58 BRL","−11,25%","11,49%",Consumo de Não Duráveis,Neutro
CASH3Meliuz SAD,"6,16 BRL","0,037",804 K,"0,92","2,03 B BRL","13,32","0,46 BRL","−63,54%","4,94%",Industrias de Processamento,Viés de alta
CBAV3Companhia Brasileira de AluminioD,"4,380 BRL","−2,23%","461,8 K","0,21","506,81 M BRL","7,59","0,58 BRL",—,"0,00%",Serviços Comerciais,Viés de alta
CBEE3Ampla Energia e Servicos SAD,"8,380 BRL","−3,90%","1,1 M","0,19","5,68 B BRL","23,3","0,36 BRL",—,"0,00%",Minerais Não-Energéticos,Viés de alta forte
CCTY3Belora RDVC City Desenvolvimento Imobiliario S.A.D,"9,76 BRL","−0,10%",100,"0,04","4,42 B BRL","6,4","1,52 BRL",—,"4,29%",Serviços Públicos,Neutro
CEAB3C&A Modas SAD,"12,000 BRL","−7,69%",100,"0,04",—,—,—,—,—,Consumo Duráveis,Neutro
CEBR3Companhia Energetica de Brasilia - CEBD,"10,21 BRL","−2,58%","1,53 M","0,11","3,23 B BRL","5,96","1,71 BRL","0,438","7,39%",Comércio de Varejo,Viés de alta forte
CEDO3Cia. de Fiacao e Tecidos Cedro e CachoeiraD,"28,67 BRL","0,00%",200,"0,09","2,07 B BRL","10,73","2,67 BRL","0,1181","15,63%",Serviços Públicos,Neutro
CEEB3Companhia de Electricidade do Estado da Bahia - COELBAD,"13,99 BRL","−0,07%",100,"0,38","120,62 M BRL","3,42","4,09 BRL","−35,60%","0,00%",Industrias de Processamento,Neutro
CEED3Companhia Estadual de Distribuicao de Energia EletricaD,"44,31 BRL","0,007",900,"1,18","7,73 B BRL","5,57","7,96 BRL","0,1928","13,36%",Serviços Públicos,Neutro
CEGR3Companhia Distribuidora de Gas do Rio de JaneiroD,"8,95 BRL","0,00%",100,"0,63","611,05 M BRL",—,"−9,15 BRL","−14,13%","0,00%",Serviços Públicos,Neutro
CGAS3Companhia de Gas de Sao Paulo - COMGASD,"58,00 BRL","−7,94%",100,"0,31","14,35 B BRL","18,65","3,11 BRL","0,5096","1,13%",Serviços Públicos,Neutro
CGRA3Grazziotin S.A.D,"126,90 BRL","0,00%",100,"0,63","16,92 B BRL","10,4","12,20 BRL","−42,66%","6,95%",Serviços Públicos,Neutro
CLSC3Centrais Eletricas de Santa Catarina S.A.D,"26,52 BRL","0,0008","1,1 K","0,37","630,43 M BRL","6,24","4,25 BRL","0,1334","8,07%",Comércio de Varejo,Neutro
CMIG3Companhia Energetica de Minas Gerais SAD,"116,00 BRL","0,00%",100,"0,36","4,81 B BRL","6,38","18,18 BRL","0,0396","5,99%",Serviços Públicos,Neutro
CMIN3CSN Mineracao SAD,"14,20 BRL","0,0071","3,7 K","0,05","33,94 B BRL","10,11","1,41 BRL","−49,79%","7,03%",Serviços Públicos,Viés de baixa
COCE3Companhia Energetica do Ceara-COELCED,"5,800 BRL","−0,51%","990,5 K","0,15","31,8 B BRL","12,74","0,46 BRL","−35,55%","7,20%",Minerais Não-Energéticos,Viés de baixa
COGN3Cogna Educacao S.A.D,"40,70 BRL","0,1635",200,"0,8","3,31 B BRL","10,68","3,81 BRL","0,0192","3,32%",Serviços Públicos,Neutro
CPFE3CPFL Energia S.A.D,"3,72 BRL","0,0164","1,99 M","0,06","7,54 B BRL","5,84","0,64 BRL",—,"4,67%",Serviços Comerciais,Viés de alta
CPLE3Companhia Paranaense de EnergiaD,"51,53 BRL","−0,83%","87,3 K","0,06","59,87 B BRL","10,89","4,73 BRL","−0,69%","5,38%",Serviços Públicos,Viés de alta
CRPG3Tronox Pigmentos do Brasil SAD,"12,46 BRL","0,0008",659 K,"0,04","37,06 B BRL","16,78","0,74 BRL","−28,61%","1,57%",Serviços Públicos,Viés de alta forte
CSAN3Cosan S.A.D,"17,01 BRL","0,00%",100,"0,42","533,37 M BRL",—,"−0,83 BRL","0,7802","0,00%",Industrias de Processamento,Neutro
CSED3Cruzeiro do Sul Educacional SAD,"5,17 BRL","0,0058","3,87 M","0,09","20,35 B BRL",—,"−7,23 BRL","−705,22%","0,00%",Serviços Públicos,Viés de alta
CSMG3Companhia de Saneamento de Minas GeraisD,"6,300 BRL","−2,02%","55,8 K","0,08","2,34 B BRL","9,09","0,69 BRL","0,5683","7,55%",Consumo de Serviços,Viés de alta
CSNA3Companhia Siderurgica NacionalD,"44,50 BRL","0,0059","82,8 K","0,03","16,77 B BRL","12,49","3,56 BRL","−3,47%","5,08%",Serviços Públicos,Neutro
CSUD3CSU Digital SAD,"10,26 BRL","−0,10%","3,76 M","0,41","13,54 B BRL",—,"−1,17 BRL","−12,72%","12,34%",Minerais Não-Energéticos,Viés de baixa
CTAX3Contax Participacoes SAD,"17,60 BRL","−0,40%","1,2 K","0,01","727,01 M BRL","7,69","2,29 BRL","0,0145","13,29%",Serviços Comerciais,Neutro
CTSA3Cia Tecidos Santanense SAD,"0,910 BRL","0,0111","1,3 K","0,26","24,3 M BRL",—,"−10,48 BRL","−219,21%","0,00%",Serviços Comerciais,Neutro
CURY3Cury Construtora e Incorporadora SAD,"2,32 BRL","0,0265",200,"0,53","15,41 M BRL",—,—,—,"0,00%",Industrias de Processamento,Neutro
CVCB3CVC Brasil Operadora e Agencia de Viagens SAD,"31,86 BRL","0,007","522,1 K","0,17","9,75 B BRL","10,64","2,99 BRL","0,3468","12,43%",Financeiro,Viés de alta forte
CXSE3Caixa Seguridade Participacoes SAD,"2,61 BRL","−1,14%","3,14 M","0,21","1,39 B BRL",—,"−0,15 BRL","0,3183","0,00%",Consumo de Serviços,Neutro
CYRE3Cyrela Brazil Realty SA Empreendimentos e ParticipacoesD,"16,010 BRL","−0,50%","454,1 K","0,12","48,27 B BRL","10,95","1,46 BRL","0,2182","7,84%",Financeiro,Viés de alta
DASA3Diagnosticos da America S.A.D,"25,13 BRL","0,0084","633,2 K","0,09","9,13 B BRL","5,06","4,97 BRL","0,331","15,25%",Financeiro,Viés de alta forte
DESK3Desktop SAD,"4,01 BRL","−5,42%",974 K,"0,31","5,3 B BRL",—,"−0,82 BRL","0,3212","0,00%",Serviços de Saúde,Neutro
DEXP3Dexxos Participacoes SAD,"17,410 BRL","−0,97%",65 K,"0,06","2,04 B BRL","30,27","0,58 BRL","−25,23%","0,79%",Comunicações,Neutro
DIRR3Direcional Engenharia S.A.D,"7,95 BRL","−0,62%","5,6 K","0,03","979,85 M BRL","6,19","1,28 BRL","−13,56%","10,47%",Industrias de Processamento,Viés de alta forte
DMVF3D1000 Varejo Farma Participacoes SAD,"13,52 BRL","0,0097",470 K,"0,06","6,96 B BRL","9,35","1,45 BRL","0,3539","16,55%",Financeiro,Viés de alta forte
DOTZ3Dotz SAD,"6,71 BRL","−0,30%","1,6 K","0,03","340,56 M BRL","20,38","0,33 BRL","−47,27%","0,00%",Serviços de Distribuição,Neutro
DTCY3Dtcom-Direct to Co. SAD,"4,040 BRL","0,0075",400,"0,02","53,42 M BRL",—,"−0,22 BRL","0,8809","0,00%",Serviços de Tecnologia,Neutro
DXCO3Dexco SAD,"2,95 BRL","0,0727",400,"1,48","31,59 M BRL",—,"−0,01 BRL","0,9509","0,00%",Comunicações,Neutro
EALT3Electro Aco Altona SAD,"5,31 BRL","−1,48%","134,7 K","0,05","4,81 B BRL","43,42","0,12 BRL","−67,03%","0,77%",Produtor Manufatureiro,Viés de alta
ECOR3EcoRodovias Infraestrutura e Logistica S.A.D,"14,50 BRL","0,00%",100,"0,07","321,53 M BRL","3,07","4,72 BRL","0,563","7,29%",Produtor Manufatureiro,Neutro
EGIE3ENGIE Brasil Energia S.A.D,"10,76 BRL","−0,19%","174,3 K","0,05","7,5 B BRL","8,11","1,33 BRL","0,0489","2,86%",Transportes,Viés de alta
EMBJ3Embraer S.A.D,"30,85 BRL","−0,26%","101,3 K","0,06","35,33 B BRL","11,61","2,66 BRL","−27,03%","4,34%",Serviços Públicos,Viés de baixa
ENEV3Eneva S.A.D,"97,32 BRL","0,0108","178,6 K","0,05","70,73 B BRL","40,36","2,41 BRL","−31,83%","0,74%",Tecnologia Eletrônica,Neutro
ENGI3Energisa SAD,"21,24 BRL","−0,23%",306 K,"0,04","41,23 B BRL","287,42","0,07 BRL","−85,69%","0,00%",Serviços Públicos,Viés de alta forte
ENJU3Enjoei SAD,"12,33 BRL","0,0107",2 K,"0,32","18,01 B BRL","9,41","1,31 BRL","0,2974","5,37%",Serviços Públicos,Viés de alta forte
ENMT3Energisa Mato Grosso - Distribuidora de Energia SaD,"1,020 BRL","−0,97%","1,6 K","0,01","211,17 M BRL",—,"−0,10 BRL","0,4487","0,00%",Comércio de Varejo,Neutro
EPAR3Embpar Participacoes SAD,"50,89 BRL","−0,57%",300,"0,33","11,09 B BRL","11,14","4,57 BRL","−20,80%","10,81%",Serviços Públicos,Neutro
EQMA3BEquatorial Maranhao Distribuidora de Energia SAD,"4,000 BRL","0,00%",300,"0,03","59,44 M BRL",—,"−0,52 BRL","−77,98%","45,94%",Produtor Manufatureiro,Neutro
EQPA3Equatorial Para Distribuidora de Energia SAD,"30,09 BRL","−0,20%",100,"0,56","4,85 B BRL","6,61","4,55 BRL","−1,70%","9,11%",Serviços Públicos,Neutro
EQTL3Equatorial S.A.D,"5,99 BRL","−0,99%",200,"0,03","13,39 B BRL","8,03","0,75 BRL","−20,54%","10,89%",Serviços Públicos,Neutro
ESPA3MPM Corporeos SAD,"37,41 BRL","−0,48%","153,3 K","0,03","46,24 B BRL","14,46","2,59 BRL","0,3773","4,21%",Serviços Públicos,Viés de alta forte
ESTR3Manufatura de Brinquedos Estrela SAD,"0,860 BRL","0,00%","4,5 K",0,"310,82 M BRL","27,48","0,03 BRL",—,"0,19%",Consumo de Serviços,Neutro
ETER3Eternit S.A.D,"3,01 BRL","−39,80%",100,"0,56","36,08 M BRL","0,13","23,80 BRL",—,"0,00%",Consumo Duráveis,Neutro
EUCA3Eucatex S.A. Industria e ComercioD,"4,00 BRL","0,0025","10,3 K","0,12","246,45 M BRL","5,25","0,76 BRL","−58,58%","3,15%",Minerais Não-Energéticos,Neutro
EVEN3Even Construtora E Incorporadora S.A.D,"20,05 BRL","0,00%",200,"0,12","1,75 B BRL","6,25","3,21 BRL","−24,90%","2,83%",Minerais Não-Energéticos,Neutro
EZTC3EZ TEC Empreendimentos e Participacoes SAD,"7,18 BRL","0,00%","28,6 K","0,04","1,38 B BRL","19,64","0,37 BRL","−30,80%","10,66%",Financeiro,Neutro
FESA3Cia de Ferro Ligas da BahiaD,"14,42 BRL","0,0014","63,5 K","0,03","4,02 B BRL","7,35","1,96 BRL","0,5082","8,48%",Financeiro,Neutro
FHER3Fertilizantes Heringer S.A.D,"11,71 BRL","−1,51%",900,"1,06","3,02 B BRL","18,53","0,63 BRL","−16,06%","7,22%",Minerais Não-Energéticos,Neutro
FICT3Fictor Alimentos SAD,"4,20 BRL","0,00%","15,3 K","0,64","226,2 M BRL",—,"−11,90 BRL","−21,44%","0,00%",Industrias de Processamento,Neutro
FIEI3Fica Empreendimentos Imobiliarios SAD,"1,65 BRL","0,00%","2,9 K","0,04","72,37 M BRL",—,—,—,"0,00%",Serviços Comerciais,Neutro
FIQE3Unifique Telecomunicacoes SAD,"14,39 BRL","0,0869","1,1 K","0,38","34,85 M BRL",—,"−1,39 BRL","0,5072","0,00%",Financeiro,Neutro
FLRY3Fleury SAD,"4,870 BRL","0,00%","13,8 K","0,03","1,94 B BRL","9,65","0,50 BRL","0,1352","16,44%",Comunicações,Viés de alta
FRAS3Fras-Le S.A.D,"15,53 BRL","−0,19%","117,6 K","0,03","8,5 B BRL","14,09","1,10 BRL","0,0018","10,77%",Serviços de Saúde,Neutro
FRIO3Metalfrio Solutions S.A.D,"24,04 BRL","0,0017","2,2 K","0,01","6,66 B BRL","18,15","1,32 BRL","0,0997","2,51%",Produtor Manufatureiro,Viés de alta
GEPA3Rio Paranapanema Energia SAD,"210,00 BRL","0,00%",700,"1,63","1,34 B BRL","55,99","3,75 BRL","−28,02%","0,00%",Produtor Manufatureiro,Neutro
GFSA3Gafisa S.A.D,"33,00 BRL","0,0154",100,"0,1","3,12 B BRL","6,99","4,72 BRL","0,6452","30,93%",Serviços Públicos,Neutro
GGBR3Gerdau S.A.D,"4,45 BRL","−0,89%","15,6 K","0,05","50,11 M BRL",—,"−5,64 BRL","−2.987,14%","0,00%",Financeiro,Neutro
GGPS3GPS Participacoes e Empreendimentos SAD,"18,90 BRL","0,008",4 K,"0,12","41,32 B BRL","12,71","1,49 BRL","−30,07%","3,31%",Minerais Não-Energéticos,Viés de alta forte
GMAT3Grupo Mateus SAD,"16,850 BRL","0,0012","60,9 K","0,02","12,62 B BRL","19,16","0,88 BRL","−2,53%","3,31%",Serviços Comerciais,Viés de alta forte
GOAU3Metalurgica Gerdau S.A.D,"4,620 BRL","−1,28%","950,6 K","0,1","10,78 B BRL","5,44","0,85 BRL","0,4217","5,33%",Comércio de Varejo,Viés de alta
GRND3Grendene S.A.D,"9,36 BRL","0,00%","2,5 K","0,04","12,63 B BRL","8,88","1,05 BRL","−11,83%","3,21%",Minerais Não-Energéticos,Viés de alta forte
GSHP3General Shopping e Outlets do Brasil S.A.D,"4,60 BRL","−0,43%","296,5 K","0,09","4,17 B BRL","5,72","0,80 BRL","0,1203","13,35%",Consumo de Não Duráveis,Neutro
GUAR3Guararapes Confeccoes S.A.D,"4,20 BRL","0,00%",100,"0,27","7,88 M BRL",—,"−136,99 BRL","−16,47%","0,00%",Financeiro,Neutro
HAGA3Haga SA Industria e ComercioD,"8,27 BRL","−0,24%","66,4 K","0,03","4,15 B BRL","9,38","0,88 BRL","1,0481","35,90%",Serviços de Distribuição,Viés de alta forte
HAPV3Hapvida Participacoes e Investimentos SAD,"1,65 BRL","−6,78%","3,9 K","1,41","15,67 M BRL","19,25","0,09 BRL","−75,99%","0,00%",Consumo Duráveis,Neutro
HBOR3Helbor Empreendimentos S.A.D,"13,70 BRL","−1,37%","977,4 K","0,12","6,91 B BRL",—,"−0,63 BRL","0,2296","0,00%",Serviços de Saúde,Viés de alta
HBRE3HBR Realty Empreendimentos Imobiliarios SAD,"2,54 BRL","0,004","101,9 K","0,07","335,72 M BRL","8,12","0,31 BRL","−22,21%","4,00%",Consumo Duráveis,Neutro
HBSA3Hidrovias do Brasil SAD,"3,750 BRL","−0,27%","19,5 K","0,04","387,99 M BRL","42,42","0,09 BRL","−90,80%","0,00%",Financeiro,Viés de alta
HYPE3Hypera S.A.D,"3,960 BRL","0,0076","177,5 K","0,08","5,35 B BRL",—,"−0,37 BRL","0,1951","0,00%",Transportes,Viés de alta
IFCM3Infracommerce CXAAS SAD,"23,75 BRL","0,0047","147,5 K","0,05","14,95 B BRL","18,41","1,29 BRL","−47,59%","4,95%",Tecnologia em Saúde,Viés de alta
IGTI3Iguatemi SAD,"0,890 BRL","0,0349","191,8 K","0,32","104,28 M BRL","0,03","33,97 BRL",—,"0,00%",Serviços de Distribuição,Neutro
INEP3Inepar SA Industria e ConstrucoesD,"3,07 BRL","0,0099","4,7 K","0,1","7,49 B BRL","6,46","0,48 BRL","0,5307","3,17%",Financeiro,Viés de alta forte
INTB3Intelbras SA Industria de Telecomunicacao Eletronica BrasileirD,"1,41 BRL","0,0368","17,9 K","0,24","64,17 M BRL",—,"−9,57 BRL","−189,44%","0,00%",Serviços Industriais,Neutro
IRBR3IRB Brasil Resseguros SAD,"11,320 BRL","0,0053","51,8 K","0,04","3,69 B BRL","7,84","1,44 BRL","−19,36%","10,02%",Serviços de Tecnologia,Viés de alta forte
ISAE3Isa Energia Brasil SAD,"51,70 BRL","0,0035","39,5 K","0,05","4,17 B BRL","7,9","6,54 BRL","0,0339","0,00%",Financeiro,Viés de alta
ITSA3Itausa SAD,"34,270 BRL","0,0009",400,"0,15","19,34 B BRL","7,72","4,44 BRL","−11,58%","8,87%",Serviços Públicos,Viés de alta
ITUB3Itau Unibanco Holding S.A.D,"12,19 BRL","0,0074","9,3 K","0,02","135,07 B BRL","8,53","1,43 BRL","0,1304","8,74%",Financeiro,Viés de alta forte
JALL3Jalles Machado SAD,"36,91 BRL","0,0076","34,9 K","0,04","419,02 B BRL","9,29","3,97 BRL","0,1388","7,82%",Financeiro,Neutro
JFEN3Joao Fortes Engenharia S.A.D,"2,970 BRL","−0,67%","113,8 K","0,11","907,59 M BRL",—,"−0,27 BRL","−171,03%","2,26%",Industrias de Processamento,Viés de alta forte
JHSF3JHSF Participacoes S.A.D,"0,96 BRL","0,00%",600,"0,05","12,29 M BRL",—,"−20,55 BRL","0,7729","0,00%",Consumo Duráveis,Neutro
JSLG3JSL S.A.D,"8,32 BRL","0,0048","254,1 K","0,07","5,62 B BRL","4,35","1,91 BRL","1,1277","4,51%",Financeiro,Viés de alta forte
KEPL3Kepler Weber SAD,"6,22 BRL","0,0081","85,1 K","0,07","1,76 B BRL","18,8","0,33 BRL","−64,98%","30,98%",Transportes,Viés de alta forte
KLBN3Klabin SAD,"9,76 BRL","0,0021","123,2 K","0,07","1,75 B BRL","11,97","0,82 BRL","−40,48%","8,59%",Produtor Manufatureiro,Viés de alta
LAND3Terra Santa Propriedades Agricolas SAD,"3,80 BRL","0,00%","32,2 K","0,06","23,09 B BRL","13,56","0,28 BRL","−16,71%","8,61%",Minerais Não-Energéticos,Viés de alta
LAVV3LAVVI Empreendimentos Imobiliarios SAD,"8,700 BRL","0,0012",200,0,"836,21 M BRL",—,"−0,10 BRL","−135,16%","0,83%",Financeiro,Neutro
LEVE3Mahle-Metal Leve S.A.D,"16,920 BRL","−0,65%","17,3 K","0,03","3,3 B BRL","7,7","2,20 BRL","0,382","12,12%",Financeiro,Viés de alta forte
LIGT3Light S.A.D,"34,11 BRL","0,0006","44,8 K","0,14","4,62 B BRL","7,93","4,30 BRL","−0,31%","2,39%",Produtor Manufatureiro,Neutro
LJQQ3Lojas Quero-Quero SAD,"4,65 BRL","0,0043","121,6 K","0,16","1,72 B BRL","0,75","6,16 BRL",—,"0,00%",Serviços Públicos,Viés de alta forte
LOGG3Log Commercial Properties e Participacoes SAD,"2,41 BRL","−1,63%","391,6 K","0,21","506,95 M BRL",—,"−0,55 BRL","−288,89%","4,21%",Comércio de Varejo,Viés de alta forte
LOGN3Log-In Logistica Intermodal SAD,"26,63 BRL","−0,22%","17,5 K","0,05","2,32 B BRL","6,09","4,37 BRL","0,3494","14,85%",Serviços Industriais,Neutro
LPSB3LPS Brasil-Consultoria de Imoveis SAD,"32,91 BRL","−0,75%","32,9 K","1,67","3,49 B BRL","28,68","1,15 BRL",—,"0,00%",Transportes,Neutro
LREN3Lojas Renner S.A.D,"1,66 BRL","−0,60%","17,3 K","0,07","243,06 M BRL","5,64","0,29 BRL","2,3239","13,08%",Serviços Comerciais,Neutro
LUPA3Lupatech S.A.D,"13,47 BRL","−0,37%","1,64 M","0,11","13,57 B BRL","9,97","1,35 BRL","0,1533","6,20%",Comércio de Varejo,Viés de alta
LWSA3LWSA S.A.D,"1,01 BRL","0,00%","2,7 K","0,01","47,15 M BRL",—,"−0,24 BRL","−116,47%","0,00%",Produtor Manufatureiro,Neutro
MAPT3Cemepe Investimentos S.A.D,"4,39 BRL","0,0046","282,6 K","0,08","2,48 B BRL",—,"−0,50 BRL","−2.095,58%","2,83%",Serviços de Tecnologia,Viés de alta
MATD3Hospital Mater Dei SAD,"3,00 BRL","0,00%",100,"0,38","2,99 M BRL",—,"−0,11 BRL","0,3997","0,00%",Miscelânea,Neutro
MBRF3MBRF Global Foods Company S.A.D,"5,320 BRL","−0,37%","13,5 K","0,11","1,78 B BRL","22,03","0,24 BRL",—,"4,22%",Serviços de Saúde,Viés de alta
MDIA3M. Dias Branco SA Industria e Comercio de AlimentosD,"19,53 BRL","0,0046","301,5 K","0,02","27,79 B BRL","6,04","3,23 BRL",#ERROR!,"29,03%",Consumo de Não Duráveis,Viés de alta
MDNE3Moura Dubeux Engenharia SAD,"25,04 BRL","−0,95%","26,9 K","0,11","8,54 B BRL","12,45","2,01 BRL","−16,32%","2,41%",Consumo de Não Duráveis,Neutro
MEAL3International Meal Company Alimentacao SAD,"24,79 BRL","−0,32%","111,3 K","0,06","2,08 B BRL","5,92","4,19 BRL","0,4672","4,79%",Financeiro,Viés de alta forte
MELK3Melnick Desenvolvimento Imobiliario SAD,"1,23 BRL","0,00%",400,0,"351,47 M BRL",—,"−0,51 BRL","−39,20%","0,00%",Consumo de Serviços,Neutro
MGLU3Magazine Luiza S.A.D,"3,70 BRL","0,0193","94,6 K","0,2","727,76 M BRL","7,01","0,53 BRL","0,3083","15,44%",Serviços Industriais,Viés de alta
MILS3Mills Locacao Servicos e Logistica S.A.D,"8,52 BRL","0,0143","2,83 M","0,16","5,92 B BRL","17,94","0,48 BRL","−4,64%","3,46%",Comércio de Varejo,Neutro
MLAS3Multi Group S.AD,"13,91 BRL","−1,83%","87,7 K","0,11","3,25 B BRL","10,93","1,27 BRL","0,0589","4,89%",Financeiro,Viés de alta forte
MNDL3Mundial S.A.- Produtos de ConsumoD,"1,420 BRL","−1,39%","106,7 K","0,09","1,17 B BRL",—,"−0,06 BRL","0,8836","0,00%",Tecnologia Eletrônica,Neutro
MNPR3Minupar Participacoes S.A.D,"15,40 BRL","0,0098",600,"0,38","152,77 M BRL",—,"−2,46 BRL","−1.505,32%","0,00%",Consumo de Não Duráveis,Neutro
MOAR3Monteiro Aranha S.A.D,"4,31 BRL","0,0141","1,2 K","0,04","301,75 M BRL","0,59","7,33 BRL",#ERROR!,"0,00%",Industrias de Processamento,Neutro
MOTV3Motiva Infraestrutura de Mobilidade SAD,"63,09 BRL","0,00%",800,"0,42","772,93 M BRL","24,24","2,60 BRL","−83,81%","45,71%",Financeiro,Neutro
MOVI3Movida Participacoes SAD,"15,26 BRL","0,0106","381,5 K","0,06","30,5 B BRL","10,66","1,43 BRL","0,8257","3,21%",Transportes,Viés de alta
MRVE3MRV Engenharia e Participacoes S.A.D,"10,65 BRL","0,1282","3,89 M","0,86","3,24 B BRL","13,38","0,80 BRL",—,"8,22%",Financeiro,Viés de alta
MTRE3Mitre Realty Empreendimentos e Participacoes SAD,"7,78 BRL","0,021","1,55 M","0,16","4,29 B BRL",—,"−2,37 BRL","−271,98%","0,00%",Consumo Duráveis,Viés de alta
MULT3Multiplan Empreendimentos Imobiliarios SAD,"3,67 BRL","−1,08%","108,1 K","0,27","392,42 M BRL","7,92","0,46 BRL","0,1129","13,76%",Financeiro,Neutro
MYPK3Iochpe Maxion S.A.D,"28,69 BRL","0,0017","115,1 K","0,03","14,46 B BRL","11,78","2,43 BRL","0,2527","3,44%",Financeiro,Viés de alta forte
NATU3Natura Cosmeticos SAD,"10,04 BRL","0,00%","833,4 K","0,46","1,53 B BRL","7,48","1,34 BRL","0,0659","5,00%",Produtor Manufatureiro,Viés de alta
NEOE3Neoenergia SAD,"7,670 BRL","0,0159","717,7 K","0,11","10,38 B BRL",—,"−1,35 BRL","0,8174","0,00%",Consumo de Não Duráveis,Viés de alta
NEXP3Nexpe Participacoes SAD,"32,02 BRL","0,0003","17,1 K","0,01","38,85 B BRL","8,82","3,63 BRL","0,1727","2,59%",Serviços Públicos,Viés de alta
NGRD3Neogrid Participacoes SAD,"2,850 BRL","−1,04%","3,3 K","4,02","5,89 M BRL","0,02","137,46 BRL",—,"0,00%",Financeiro,Neutro
NORD3Nordon Industrias Metalurgicas S.A.D,"28,24 BRL","0,0089",500,"0,03","201,92 M BRL",—,"−2,18 BRL","0,8972","0,00%",Serviços de Tecnologia,Neutro
NUTR3Nutriplant Industria E Comercio S.A.D,"4,00 BRL","0,00%",400,"0,63","26,49 M BRL","0,69","5,77 BRL",—,"0,00%",Produtor Manufatureiro,Neutro
OBTC3Oranjebtc SA Educacao e InvestimentoD,"2,66 BRL","0,0114",200,"0,11","34,83 M BRL","8,53","0,31 BRL","−45,91%","0,00%",Industrias de Processamento,Neutro
ODPV3OdontoPrev S.A.D,"9,300 BRL","−2,00%",58 K,"0,17",—,—,—,—,—,Serviços de Tecnologia,Neutro
OFSA3Ourofino S.A.D,"10,69 BRL","0,0123","100,2 K","0,04","5,6 B BRL","10,15","1,05 BRL","0,0744","7,50%",Serviços de Saúde,Neutro
OIBR3Oi S.A.D,"23,65 BRL","−1,74%",700,"0,08","1,3 B BRL","8,83","2,68 BRL","0,5813","4,49%",Tecnologia em Saúde,Neutro
ONCO3Oncoclinicas do Brasil Servicos Medicos SAD,"0,14 BRL","−12,50%","2,65 M","0,44",47 M BRL,—,—,—,"0,00%",Comunicações,Neutro
OPCT3OceanPact Servicos Maritimos SAD,"2,670 BRL","−1,84%","207,2 K","0,04","3,04 B BRL",—,"−4,22 BRL","−3.355,68%","0,00%",Serviços de Saúde,Viés de baixa
ORVR3Orizon Valorizacao de Residuos SAD,"8,930 BRL","0,0034","1,4 K",0,"1,76 B BRL","30,19","0,30 BRL","1,2009","0,00%",Serviços Comerciais,Viés de alta forte
OSXB3OSX Brasil S.A.D,"68,460 BRL","−0,25%","12,1 K","0,02","6,6 B BRL","214,61","0,32 BRL","−83,45%","0,00%",Serviços Públicos,Viés de alta forte
PATI3Panatlantica S.A.D,"1,73 BRL","0,00%","5,2 K","3,69","5,45 M BRL",—,"−464,65 BRL","−18,70%","0,00%",Serviços Industriais,Neutro
PCAR3Companhia Brasileira de DistribuicaoD,"29,00 BRL","−0,34%",100,"0,45","696,09 M BRL","15,65","1,85 BRL","−43,45%","2,73%",Produtor Manufatureiro,Neutro
PDGR3PDG Realty SA Empreendimentos e ParticipacoesD,"3,72 BRL","−0,53%","452,9 K","0,05","1,83 B BRL",—,"−2,77 BRL","0,3909","0,00%",Comércio de Varejo,Neutro
PDTC3Padtec Holding SAD,"1,32 BRL","−0,75%","5,9 K","0,09","4,37 M BRL",—,"−2.422,03 BRL","−100,04%","0,00%",Financeiro,Neutro
PEAB3Cia de Participacoes Alianca da Bahia RegisteredD,"1,39 BRL","−0,71%","1,2 K","0,04","111,26 M BRL",—,"−0,13 BRL","0,558","0,00%",Tecnologia Eletrônica,Neutro
PETR3Petroleo Brasileiro SAD,"40,00 BRL","0,0256",500,"0,83","709,68 M BRL","23,09","1,73 BRL","−10,24%","2,96%",Financeiro,Neutro
PFRM3Profarma Distribuidora de Produtos Farmaceuticos SAD,"33,74 BRL","−1,46%","1,3 M","0,09","424,73 B BRL","5,61","6,01 BRL","−8,21%","9,53%",Minerais Energéticos,Viés de alta
PGMN3Empreendimentos Pague Menos SAD,"8,29 BRL","0,0048","6,7 K","0,03","1,01 B BRL","8,79","0,94 BRL","0,0766","5,92%",Serviços de Distribuição,Neutro
PINE3Banco PINE S.A.D,"6,480 BRL","−1,07%","390,3 K","0,09","4,51 B BRL","20,48","0,32 BRL","0,1145","3,32%",Comércio de Varejo,Viés de alta forte
PLAS3Plascar Participacoes Industriais S.A.D,"12,76 BRL","0,0208","7,1 K","1,25","3,13 B BRL",—,—,—,"5,04%",Financeiro,Neutro
PLPL3Plano & Plano Desenvolvimento Imobiliario LtdaD,"4,75 BRL","0,0417",500,"1,72","59,02 M BRL",—,"−14,17 BRL","−25,76%","0,00%",Produtor Manufatureiro,Neutro
PMAM3Paranapanema S.A.D,"14,460 BRL","−0,55%",346 K,"0,26","2,96 B BRL","9,33","1,55 BRL","−6,01%","3,39%",Financeiro,Viés de alta forte
PNVL3Dimed S.A. Distribuidora de MedicamentosD,"0,72 BRL","0,0746","580,6 K","0,36","543,62 M BRL",—,"−18,40 BRL","0,2604","0,00%",Minerais Não-Energéticos,Neutro
POMO3Marcopolo SAD,"12,43 BRL","−1,19%","49,2 K","0,07","1,87 B BRL","16,58","0,75 BRL","0,0832","2,33%",Comércio de Varejo,Viés de alta
POSI3Positivo Tecnologia SAD,"5,49 BRL","−0,54%","124,4 K","0,13","7,05 B BRL","5,93","0,93 BRL","−5,24%","20,75%",Produtor Manufatureiro,Viés de alta forte
PRIO3Prio SAD,"4,07 BRL","0,0099","295,3 K","0,26","563,27 M BRL",—,"−0,00 BRL","−100,16%","6,79%",Tecnologia Eletrônica,Viés de alta
PRNR3Priner Servicos Industriais SAD,"43,23 BRL","−1,91%",956 K,"0,1","36,73 B BRL","3,57","12,11 BRL","1,0743","0,00%",Minerais Energéticos,Viés de alta forte
PSSA3Porto Seguro S.A.D,"16,20 BRL","−0,61%","38,7 K","0,09","916,06 M BRL","93,05","0,17 BRL",—,"0,31%",Serviços Industriais,Viés de alta forte
PTBL3PBG S.A.Registered ShsD,"45,56 BRL","−3,23%","492,4 K","0,25","30,21 B BRL","9,18","4,96 BRL","0,2229","4,22%",Financeiro,Viés de alta
PTNT3Pettenati S.A. Industria TextilD,"3,30 BRL","0,0061","11,2 K","0,09","440,98 M BRL",—,"−1,35 BRL","−1.140,22%","0,00%",Produtor Manufatureiro,Neutro
QUAL3Qualicorp Consultoria e Corretora de Seguros S.A.D,"8,81 BRL","0,0023",200,"0,25","288,77 M BRL","9,04","0,97 BRL","1,1178","3,01%",Industrias de Processamento,Neutro
RADL3Raia Drogasil S.A.D,"2,30 BRL","0,0088","419,1 K","0,17","632,97 M BRL","68,45","0,03 BRL",—,"0,24%",Serviços de Saúde,Neutro
RAIL3Rumo SAD,"24,08 BRL","−0,91%","247,6 K","0,03","42,47 B BRL","31,2","0,77 BRL","0,2099","1,86%",Comércio de Varejo,Viés de alta forte
RANI3Irani Papel e Embalagem SAD,"13,61 BRL","−0,66%","875,2 K","0,09","25,45 B BRL","67,88","0,20 BRL",—,"5,92%",Transportes,Viés de alta
RAPT3Randoncorp S.A.D,"8,84 BRL","0,0011","23,6 K","0,05","2,01 B BRL","5,27","1,68 BRL","2,2019","8,31%",Industrias de Processamento,Viés de alta forte
RCSL3Recrusul SAD,"6,35 BRL","−0,47%",700,"0,04","2,13 B BRL","21,5","0,30 BRL","−71,98%","5,55%",Produtor Manufatureiro,Viés de alta
RDOR3Rede D'Or Sao Luiz SAD,"3,69 BRL","−0,54%","100,9 K","0,12","268,29 M BRL",—,"−0,64 BRL","−63,04%","0,00%",Produtor Manufatureiro,Neutro
RECV3Petroreconcavo SAD,"40,130 BRL","−0,52%","112,1 K","0,02","90,78 B BRL","19,97","2,01 BRL","0,2858","10,64%",Serviços de Saúde,Viés de alta forte
REDE3Rede Energia S.A.D,"10,410 BRL","−1,61%","381,2 K","0,07","3,1 B BRL","4,92","2,12 BRL","0,049","33,95%",Minerais Energéticos,Viés de alta
RENT3Localiza Rent A Car SAD,"6,21 BRL","0,0114",500,"0,45","15,95 B BRL","9,55","0,65 BRL","−9,33%","9,53%",Serviços Públicos,Neutro
RRIOS3Rio Alto Energias Renovaveis SAD,"42,17 BRL","0,006","535,6 K","0,07","45,12 B BRL","25,37","1,66 BRL","0,0658","4,76%",Financeiro,Viés de alta forte
RNEW3Renova Energia S.A.D,"33,610 BRL","−1,73%",100,"0,91","2,3 B BRL",—,"−10,13 BRL","−129,27%","0,00%",Serviços Públicos,Neutro
ROMI3Romi SAD,"1,02 BRL","0,0099",400,"0,01","367,49 M BRL",—,"−2,21 BRL","−191,66%","0,00%",Serviços Públicos,Neutro
RPAD3Alfa Holdings S.A.D,"7,99 BRL","0,00%","2,8 K","0,02","744,43 M BRL","7,77","1,03 BRL","−21,59%","8,09%",Produtor Manufatureiro,Neutro
RPMG3Refinaria de Petroleos Manguinhos S.A.D,"5,30 BRL","0,00%",200,"0,83","446,6 M BRL","27,89","0,19 BRL",—,"0,18%",Financeiro,Neutro
RSID3Rossi Residencial S.A.D,"2,15 BRL","0,0287",100,"0,06","141,46 M BRL",—,"−24,51 BRL","−64,24%","0,00%",Minerais Energéticos,Neutro
RVEE3Revee SAD,"1,70 BRL","0,0241","4,5 K","1,42","34,05 M BRL",—,—,—,"0,00%",Consumo Duráveis,Neutro
SANB3Banco Santander (Brasil) S.A.D,"2,340 BRL","−0,43%",100,"0,06","23,8 M BRL",—,—,—,—,Miscelânea,Neutro
SAPR3Companhia de Saneamento do Parana - SaneparD,"16,57 BRL","−0,72%","8,3 K","0,15","127,4 B BRL","10,39","1,59 BRL","−3,63%","4,55%",Financeiro,Viés de alta
SBFG3Grupo SBF S.A.D,"9,78 BRL","−0,10%","25,7 K","0,17","13,28 B BRL","6,94","1,41 BRL","0,4233","4,18%",Serviços Públicos,Neutro
SBSP3Companhia de Saneamento Basico do Estado de Sao Paulo SABESPD,"13,05 BRL","−0,61%","48,8 K","0,03","3,21 B BRL","9,37","1,39 BRL","−34,85%","4,18%",Comércio de Varejo,Viés de alta forte
SCAR3Sao Carlos Empreendimentos e Participacoes SAD,"124,51 BRL","−0,35%","145,7 K","0,05","87,94 B BRL","12,15","10,25 BRL","−22,71%","4,94%",Serviços Públicos,Viés de alta forte
SEER3Grupo Ser Educacional SAD,"13,76 BRL","−0,65%","9,5 K","0,16","783,46 M BRL",—,"−1,07 BRL","−125,19%","25,18%",Financeiro,Neutro
SEQL3Sequoia Logistica e Transportes SAD,"10,84 BRL","−1,09%","90,3 K","0,06","1,41 B BRL","12,57","0,86 BRL","2,1885","1,41%",Consumo de Serviços,Viés de alta
SHOW3T4F Entretenimento S.A.D,"2,200 BRL","0,0092","17,1 K","0,09","26,13 M BRL",—,"−355,10 BRL","0,4245","0,00%",Transportes,Neutro
SIMH3Simpar SAD,"6,34 BRL","0,0032","2,8 K","0,04","42,6 M BRL",—,"−9,06 BRL","−232,40%","0,00%",Consumo de Serviços,Neutro
SLCE3SLC Agricola S.A.D,"5,900 BRL","0,0631","2,5 M","0,58","4,78 B BRL",—,"−0,75 BRL","−85,76%","1,27%",Transportes,Viés de alta forte
SMFT3Smartfit Escola de Ginastica e Danca SAD,"15,27 BRL","0,0026","202,8 K","0,06","7,54 B BRL","11,52","1,33 BRL","0,6332","8,48%",Industrias de Processamento,Neutro
SMTO3Sao Martinho S.A.D,"21,30 BRL","−6,41%","4,23 M","1,19","14,02 B BRL","22,15","0,96 BRL","−34,76%","4,53%",Consumo de Serviços,Viés de alta forte
SNSY3Sansuy SA Industria de PlasticosD,"16,19 BRL","−1,28%","153,1 K","0,05","5,33 B BRL","10,69","1,52 BRL","−54,06%","5,54%",Industrias de Processamento,Viés de alta
SOJA3Boa Safra Sementes SAD,"11,00 BRL","0,00%",100,"0,26","43,54 M BRL",—,"−27,09 BRL","−211,77%","0,00%",Produtor Manufatureiro,Neutro
SOND3Sondotecnica Engenharia de Solos S.A.D,"8,810 BRL","0,0069","37,3 K","0,06","1,24 B BRL","12,25","0,72 BRL","−61,62%","4,62%",Industrias de Processamento,Viés de alta
SUZB3Suzano S.A.D,"38,66 BRL","−19,46%",100,"0,5","145,55 M BRL","3,4","11,38 BRL","1,3552","22,14%",Serviços Industriais,Neutro
SYNE3Syn Prop e Tech SAD,"51,94 BRL","−0,44%","153,1 K","0,03","65,32 B BRL","9,84","5,28 BRL","0,604","2,14%",Industrias de Processamento,Viés de alta forte
TAEE3Transmissora Alianca De Energia Eletrica S.A.D,"4,81 BRL","0,0105","38,8 K","0,04","726,59 M BRL","6,21","0,77 BRL","−75,95%","63,86%",Financeiro,Viés de alta forte
TASA3Taurus Armas S.A.D,"13,27 BRL","0,0169","8,9 K","0,14","13,7 B BRL","2,65","5,00 BRL","0,0326","8,25%",Serviços Industriais,Neutro
TCSA3Tecnisa S.A.D,"5,60 BRL","−1,75%","1,1 K","0,05","776,36 M BRL","6,12","0,92 BRL","0,6195","3,23%",Tecnologia Eletrônica,Neutro
TECN3Technos S.A.D,"1,24 BRL","−2,36%","1,1 K","0,02","93,5 M BRL",—,"−1,77 BRL","0,141","0,00%",Financeiro,Neutro
TELB3Telecomunicacoes Brasileiras SAD,"7,24 BRL","0,007",1 K,"0,02","409,13 M BRL","7,23","1,00 BRL","0,1459","3,32%",Consumo Duráveis,Neutro
TEND3Construtora Tenda SAD,"10,83 BRL","0,0028",100,"0,15","1,05 B BRL",—,—,—,"0,00%",Comunicações,Neutro
TGMA3Tegma Gestao Logistica S.A.D,"23,96 BRL","0,0029","116,7 K","0,05","2,73 B BRL","7,07","3,39 BRL","5,7616","2,42%",Financeiro,Viés de alta forte
TIMS3TIM S.A.D,"35,69 BRL","0,0011","16,5 K","0,1","2,35 B BRL","8,53","4,18 BRL","0,1695","11,81%",Transportes,Viés de alta
TKNO3Tekno SA Industria e ComercioD,"22,71 BRL","−0,39%","315,8 K","0,04","54,54 B BRL","13,64","1,67 BRL","0,2642","7,30%",Comunicações,Viés de alta
TOKY3Grupo Toky SAD,"207,00 BRL","0,00%",100,"0,48","606,79 M BRL","17,16","12,07 BRL","−23,96%","10,43%",Minerais Não-Energéticos,Neutro
TOTS3TOTVS S.A.D,"0,660 BRL","−1,49%","4,3 K","0,01","145,25 M BRL",—,"−1,54 BRL","−106,97%","0,00%",Serviços de Tecnologia,Neutro
TPIS3TPI - Triunfo Participacoes e Investimentos SAD,"43,12 BRL","−1,06%","102,9 K","0,03","25,73 B BRL","31,77","1,36 BRL","0,2692","1,40%",Serviços de Tecnologia,Viés de alta forte
TRAD3TC S.A.D,"5,37 BRL","−2,19%","3,5 K","0,11","227,87 M BRL",—,"−1,70 BRL","−186,54%","4,20%",Transportes,Neutro
TRIS3Trisul S.A.D,"3,750 BRL","0,0108",200,"0,02","145,98 M BRL",—,"−1,25 BRL","0,796","0,00%",Serviços de Tecnologia,Neutro
TTEN3Tres Tentos Agroindustrial SAD,"6,05 BRL","0,0017","11,5 K","0,04","1,41 B BRL","6,62","0,91 BRL","0,5076","20,14%",Consumo Duráveis,Neutro
TUPY3Tupy S.A.D,"15,630 BRL","0,0019","56,8 K","0,05","7,79 B BRL","9,07","1,72 BRL","0,0856","1,22%",Serviços Comerciais,Viés de alta forte
UCAS3Unicasa Industria de Moveis S.A.D,"11,48 BRL","0,0009","128,6 K","0,1","1,52 B BRL",—,"−0,95 BRL","−141,23%","11,66%",Produtor Manufatureiro,Neutro
UGPA3Ultrapar Participacoes S.A.D,"1,37 BRL","−2,14%","3,9 K","0,12","92,52 M BRL",—,"−0,04 BRL","−118,37%","12,97%",Consumo Duráveis,Neutro
UNIP3Unipar Carbocloro SAD,"22,27 BRL","0,015","428,7 K","0,09","23,94 B BRL","8,33","2,67 BRL","0,1352","7,98%",Comércio de Varejo,Viés de alta
USIM3Usinas Siderurgicas de Minas Gerais SA-UsiminasD,"58,97 BRL","−0,05%","2,5 K","0,26","6,84 B BRL","8,42","7,00 BRL","0,8805","6,17%",Industrias de Processamento,Viés de alta
VALE3Vale S.A.D,"6,65 BRL","−2,06%",30 K,"0,07","8,37 B BRL",—,"−2,70 BRL","−463,86%","0,00%",Minerais Não-Energéticos,Neutro
"VAMO3Vamos Locacao de Caminhoes, Maquinas e Equipamentos SAD","79,19 BRL","0,0034","2,35 M","0,08","336,89 B BRL","11,22","7,06 BRL","−37,23%","9,65%",Minerais Não-Energéticos,Viés de alta
VBBR3Vibra Energia SAD,"3,780 BRL","0,0272","3,27 M","0,22","3,95 B BRL",—,—,—,"3,82%",Financeiro,Viés de alta
VITT3Vittia S.A.D,"25,90 BRL","−0,04%","1,14 M","0,16","29,76 B BRL","16,89","1,53 BRL","−79,88%","5,70%",Comércio de Varejo,Viés de alta forte
VIVA3Vivara Participacoes SAD,"4,570 BRL","0,0044","2,7 K","0,04","670,28 M BRL","10,8","0,42 BRL","−7,58%","7,42%",Industrias de Processamento,Viés de alta forte
VIVR3Viver Incorporadora e Construtora S.A.D,"29,08 BRL","−0,72%",283 K,"0,06","6,92 B BRL","9,22","3,15 BRL","0,4892","4,64%",Consumo Duráveis,Viés de alta forte
VIVT3Telefonica Brasil S.A.D,"0,62 BRL","0,0164","10,1 K","0,13","29,75 M BRL",—,"−0,46 BRL","0,6626","0,00%",Consumo Duráveis,Neutro
VLID3Valid Solucoes SAD,"32,64 BRL","−1,27%","271,5 K","0,06","106,28 B BRL","17,44","1,87 BRL","0,1459","2,88%",Comunicações,Viés de alta
VSTE3Veste S.A. EstiloD,"20,40 BRL","−0,54%","11,8 K","0,06","1,61 B BRL","6,73","3,03 BRL","−31,31%","15,02%",Serviços Comerciais,Neutro
"VTRU3Vitru Brasil Empreendimentos, Participacoes e Comercio S.A.D","3,91 BRL","0,00%",100,0,"447,05 M BRL","22,23","0,18 BRL",—,"0,04%",Consumo de Não Duráveis,Neutro
VULC3Vulcabras SAD,"14,720 BRL","−0,81%","7,2 K","0,02","1,98 B BRL","4,45","3,31 BRL","6,1066","0,15%",Serviços Comerciais,Viés de alta
VVEO3CM Hospitalar SAD,"18,87 BRL","−0,37%","117,1 K","0,1","5,92 B BRL","4,5","4,20 BRL","1,142","24,03%",Consumo de Não Duráveis,Viés de alta forte
WDCN3Livetech da Bahia Industria e Comercio SAD,"1,380 BRL","0,0073",113 K,"0,07","442,26 M BRL",—,"−3,16 BRL","−1.484,04%","0,00%",Serviços de Distribuição,Neutro
WEGE3WEG SAD,"2,810 BRL","0,00%",200,"0,02","178,33 M BRL",—,"−0,01 BRL","−107,74%","6,76%",Serviços de Distribuição,Neutro
WEST3Westwing Comercio Varejista SAD,"46,73 BRL","−0,60%","261,3 K","0,05","197,25 B BRL","30,25","1,54 BRL","0,0638","4,44%",Produtor Manufatureiro,Viés de alta
WHRL3Whirlpool S.A.D,"5,400 BRL","0,00%",2 K,"0,27","59,99 M BRL",—,"−1,03 BRL","0,7207","0,00%",Comércio de Varejo,Neutro
WIZC3WIZ Co Participacoes e Corretagem de Seguros SAD,"4,28 BRL","0,00%",1 K,"0,25","6,58 B BRL","9,17","0,47 BRL","0,2464","11,19%",Consumo Duráveis,Neutro
WLMM3WLM Participacoes e Comercio de Maquinas e Veiculos SAD,"9,080 BRL","−0,77%","54,2 K","0,13","1,46 B BRL","7,64","1,19 BRL","0,0577","6,19%",Financeiro,Viés de alta
YDUQ3YDUQS Participacoes SAD,"19,62 BRL","−3,82%",100,"0,56","736,88 M BRL","6,07","3,23 BRL","−15,59%","12,25%",Serviços de Distribuição,Neutro
,"12,52 BRL","0,0105","120,2 K","0,04","3,22 B BRL","14,27","0,88 BRL","0,2474","4,59%",Serviços Comerciais,Viés de alta
